City_ID,City,Country,Date,Lat,Lng,Max Temp,Humidity,Cloudiness,Wind Speed,Current Description
0,Mahuva,IN,2021-08-22 01:32:49,21.0914,71.7622,77.52,85,99,6.33,overcast clouds
1,Mataura,NZ,2021-08-22 01:31:15,-46.1927,168.8643,60.48,59,50,7.52,scattered clouds
2,Busselton,AU,2021-08-22 01:31:23,-33.65,115.3333,53.04,63,99,8.48,overcast clouds
3,Prince Rupert,CA,2021-08-22 01:30:15,54.3161,-130.3201,58.69,82,75,4.61,broken clouds
4,Longyearbyen,SJ,2021-08-22 01:28:10,78.2186,15.6401,40.84,70,75,3.44,broken clouds
5,Dikson,RU,2021-08-22 01:31:30,73.5069,80.5464,41.74,96,100,14.81,overcast clouds
6,Bousso,TD,2021-08-22 01:32:50,10.4795,16.7117,72.3,95,95,7.74,overcast clouds
7,Mahebourg,MU,2021-08-22 01:27:51,-20.4081,57.7,66.25,88,20,4.61,few clouds
8,Lyuban,BY,2021-08-22 01:32:50,52.7985,28.0048,50.88,93,15,4.68,few clouds
9,Lavrentiya,RU,2021-08-22 01:32:20,65.5833,-171.0,52.79,74,12,11.65,few clouds
10,Butaritari,KI,2021-08-22 01:28:45,3.0707,172.7902,82.36,71,34,9.19,scattered clouds
11,Ayagoz,KZ,2021-08-22 01:32:51,47.9714,80.4392,57.94,30,0,19.53,clear sky
12,Port Elizabeth,ZA,2021-08-22 01:31:22,-33.918,25.5701,50.29,87,0,5.75,clear sky
13,Saint-Philippe,RE,2021-08-22 01:32:29,-21.3585,55.7679,69.39,79,3,7.29,clear sky
14,Cidreira,BR,2021-08-22 01:32:21,-30.1811,-50.2056,61.34,92,20,16.73,few clouds
15,Miri,MY,2021-08-22 01:32:51,4.4148,114.0089,80.74,83,40,4.61,scattered clouds
16,Hervey Bay,AU,2021-08-22 01:32:51,-25.2986,152.8535,75.31,59,0,2.44,clear sky
17,Scobinti,RO,2021-08-22 01:32:52,47.3833,26.9333,67.68,78,29,5.95,light rain
18,Ribeira Grande,PT,2021-08-22 01:31:34,38.5167,-28.7,74.23,88,97,12.84,overcast clouds
19,Lighthouse Point,US,2021-08-22 01:32:52,26.2756,-80.0873,85.05,73,1,9.22,clear sky
20,Qujing,CN,2021-08-22 01:32:52,25.4833,103.7833,70.14,75,98,14.25,overcast clouds
21,Rikitea,PF,2021-08-22 01:31:25,-23.1203,-134.9692,68.68,60,48,20.58,scattered clouds
22,Amahai,ID,2021-08-22 01:32:53,-3.3333,128.9167,80.74,78,100,4.03,overcast clouds
23,Kuliyapitiya,LK,2021-08-22 01:32:53,7.4688,80.0401,76.68,85,100,4.88,overcast clouds
24,Victoria,HK,2021-08-22 01:28:05,22.2855,114.1577,88.97,80,58,1.01,broken clouds
25,Chokurdakh,RU,2021-08-22 01:31:33,70.6333,147.9167,47.34,71,100,15.84,overcast clouds
26,Sinnamary,GF,2021-08-22 01:28:28,5.3833,-52.95,78.73,87,42,11.03,scattered clouds
27,San Patricio,US,2021-08-22 01:29:18,28.017,-97.5169,87.89,59,13,12.46,few clouds
28,Thompson,CA,2021-08-22 01:32:54,55.7435,-97.8558,53.76,76,90,9.22,overcast clouds
29,Port Alfred,ZA,2021-08-22 01:31:22,-33.5906,26.891,53.83,81,5,11.65,clear sky
30,Ushuaia,AR,2021-08-22 01:31:18,-54.8,-68.3,31.66,69,40,8.05,scattered clouds
31,Caruray,PH,2021-08-22 01:32:54,10.3094,119.0128,86.2,62,100,1.12,overcast clouds
32,Portland,US,2021-08-22 01:32:22,45.5234,-122.6762,72.61,62,75,1.01,broken clouds
33,Tartagal,AR,2021-08-22 01:32:55,-22.5164,-63.8013,66.02,60,0,2.86,clear sky
34,Bilibino,RU,2021-08-22 01:30:30,68.0546,166.4372,67.3,41,84,3.53,broken clouds
35,Tuktoyaktuk,CA,2021-08-22 01:31:18,69.4541,-133.0374,49.44,79,59,2.77,broken clouds
36,Agirish,RU,2021-08-22 01:32:55,61.9247,63.0231,67.24,74,99,6.31,overcast clouds
37,Umm Kaddadah,SD,2021-08-22 01:32:56,13.6017,26.6876,82.54,53,71,9.57,broken clouds
38,Hamilton,US,2021-08-22 01:31:30,39.1834,-84.5333,80.78,76,1,0.0,clear sky
39,Nanortalik,GL,2021-08-22 01:32:56,60.1432,-45.2371,45.95,79,100,7.16,overcast clouds
40,Hofn,IS,2021-08-22 01:30:03,64.2539,-15.2082,51.94,76,100,6.82,overcast clouds
41,Hermanus,ZA,2021-08-22 01:31:23,-34.4187,19.2345,50.9,74,0,7.36,clear sky
42,Tiksi,RU,2021-08-22 01:28:21,71.6872,128.8694,41.05,96,100,8.61,overcast clouds
43,Andilamena,MG,2021-08-22 01:32:57,-17.0167,48.5833,54.75,91,40,5.79,scattered clouds
44,Coquimbo,CL,2021-08-22 01:32:57,-29.9533,-71.3436,56.93,94,0,3.44,clear sky
45,Sibu,MY,2021-08-22 01:28:58,2.3,111.8167,75.51,94,40,4.61,scattered clouds
46,Cape Town,ZA,2021-08-22 01:31:45,-33.9258,18.4232,51.12,87,0,4.61,clear sky
47,Chuy,UY,2021-08-22 01:31:28,-33.6971,-53.4616,55.92,88,100,12.03,light rain
48,Hobart,AU,2021-08-22 01:27:59,-42.8794,147.3294,62.46,57,75,7.0,broken clouds
49,Garhi Khairo,PK,2021-08-22 01:32:58,28.0606,67.9803,91.22,42,0,9.93,clear sky
50,Ponta Delgada,PT,2021-08-22 01:30:53,37.7333,-25.6667,74.12,83,40,6.91,scattered clouds
51,Thinadhoo,MV,2021-08-22 01:32:58,0.5333,72.9333,82.18,74,71,11.48,broken clouds
52,New Norfolk,AU,2021-08-22 01:27:26,-42.7826,147.0587,62.1,62,89,7.0,overcast clouds
53,Shache,CN,2021-08-22 01:32:58,38.4167,77.2406,81.27,20,7,4.12,clear sky
54,Bambous Virieux,MU,2021-08-22 01:32:39,-20.3428,57.7575,65.21,88,20,4.61,few clouds
55,Saint Anthony,US,2021-08-22 01:32:59,45.0205,-93.218,69.93,56,1,1.01,clear sky
56,Mar Del Plata,AR,2021-08-22 01:29:48,-38.0023,-57.5575,50.02,87,0,9.22,light rain
57,Takhtamygda,RU,2021-08-22 01:32:59,54.1,123.5667,69.53,72,62,1.7,light rain
58,Bluff,NZ,2021-08-22 01:27:27,-46.6,168.3333,59.81,69,61,13.47,broken clouds
59,Ponta Do Sol,PT,2021-08-22 01:31:31,32.6667,-17.1,72.23,66,0,1.83,clear sky
60,Puerto Ayora,EC,2021-08-22 01:31:20,-0.7393,-90.3518,70.2,85,76,10.74,broken clouds
61,Bredasdorp,ZA,2021-08-22 01:31:26,-34.5322,20.0403,45.72,76,0,5.75,clear sky
62,Veraval,IN,2021-08-22 01:33:00,20.9,70.3667,78.93,84,100,4.63,overcast clouds
63,Boden,SE,2021-08-22 01:33:00,65.8252,21.6886,50.0,80,100,9.89,overcast clouds
64,Katsuura,JP,2021-08-22 01:33:00,35.1333,140.3,84.31,76,100,18.16,light rain
65,Hualmay,PE,2021-08-22 01:28:27,-11.0964,-77.6139,62.62,82,35,11.48,scattered clouds
66,Portobelo,PA,2021-08-22 01:33:01,9.55,-79.65,79.86,85,32,5.06,scattered clouds
67,Cherskiy,RU,2021-08-22 01:33:01,68.75,161.3,70.14,39,80,4.99,broken clouds
68,Iqaluit,CA,2021-08-22 01:32:20,63.7506,-68.5145,44.33,81,40,2.3,scattered clouds
69,Quatre Cocos,MU,2021-08-22 01:28:29,-20.2078,57.7625,66.09,80,1,4.21,clear sky
70,Tasiilaq,GL,2021-08-22 01:27:27,65.6145,-37.6368,46.56,92,99,1.92,overcast clouds
71,Cabo San Lucas,MX,2021-08-22 01:29:00,22.8909,-109.9124,92.52,72,1,4.0,clear sky
72,Hithadhoo,MV,2021-08-22 01:31:32,-0.6,73.0833,82.45,71,10,13.13,clear sky
73,Taoudenni,ML,2021-08-22 01:33:02,22.6783,-3.9836,98.82,15,2,2.26,clear sky
74,Constitucion,CL,2021-08-22 01:33:02,-35.3333,-72.4167,50.56,87,79,11.74,broken clouds
75,Koundara,GN,2021-08-22 01:33:03,12.4833,-13.3,75.54,91,100,3.47,light rain
76,Kapaa,US,2021-08-22 01:31:19,22.0752,-159.319,87.78,65,20,4.0,few clouds
77,Yellowknife,CA,2021-08-22 01:31:19,62.456,-114.3525,57.72,41,75,12.66,broken clouds
78,Kambove,CD,2021-08-22 01:33:03,-10.8764,26.5969,62.24,39,5,4.54,clear sky
79,Nikolskoye,RU,2021-08-22 01:31:34,59.7035,30.7861,51.69,97,0,4.56,clear sky
80,Henties Bay,NA,2021-08-22 01:33:04,-22.116,14.2845,49.86,89,2,5.5,clear sky
81,Saldanha,ZA,2021-08-22 01:31:51,-33.0117,17.9442,41.05,78,0,4.72,clear sky
82,Cody,US,2021-08-22 01:32:12,44.5263,-109.0565,61.63,75,90,13.8,overcast clouds
83,Chapais,CA,2021-08-22 01:32:15,49.7834,-74.8492,78.58,69,58,7.09,broken clouds
84,Kemijarvi,FI,2021-08-22 01:33:04,66.7131,27.4306,44.69,97,100,12.48,light rain
85,Albany,US,2021-08-22 01:27:10,42.6001,-73.9662,75.88,88,83,3.78,broken clouds
86,Puerto Baquerizo Moreno,EC,2021-08-22 01:32:42,-0.9,-89.6,70.2,83,99,12.46,overcast clouds
87,Carnarvon,AU,2021-08-22 01:32:13,-24.8667,113.6333,64.47,57,4,19.57,clear sky
88,Svetlyy,RU,2021-08-22 01:33:05,54.675,20.1347,48.25,79,4,4.56,clear sky
89,Lubuk Pakam,ID,2021-08-22 01:33:05,3.5604,98.8767,77.14,94,100,2.64,overcast clouds
90,Labuhan,ID,2021-08-22 01:29:34,-6.8844,112.2051,80.37,71,77,8.79,broken clouds
91,Besuki,ID,2021-08-22 01:33:06,-7.7338,113.6979,85.17,60,80,3.83,broken clouds
92,Mahon,ES,2021-08-22 01:33:06,39.8885,4.2658,73.96,94,0,4.61,clear sky
93,Castro,BR,2021-08-22 01:31:50,-24.7911,-50.0119,58.96,65,0,4.09,clear sky
94,Barrow,US,2021-08-22 01:31:38,71.2906,-156.7887,37.42,87,90,19.57,overcast clouds
95,Itarema,BR,2021-08-22 01:33:06,-2.9248,-39.9167,77.18,83,3,16.06,clear sky
96,Abonnema,NG,2021-08-22 01:33:07,4.7084,6.7931,75.49,92,94,1.7,moderate rain
97,Torbay,CA,2021-08-22 01:32:27,47.6666,-52.7314,53.28,93,40,6.91,scattered clouds
98,Punta Arenas,CL,2021-08-22 01:30:07,-53.15,-70.9167,37.51,56,90,8.05,overcast clouds
99,Bahia Blanca,AR,2021-08-22 01:33:07,-38.7196,-62.2724,51.01,61,60,15.84,broken clouds
100,Lagoa,PT,2021-08-22 01:31:56,39.05,-27.9833,73.24,88,14,10.98,few clouds
101,Kruisfontein,ZA,2021-08-22 01:31:44,-34.0033,24.7314,44.89,88,3,7.49,clear sky
102,Hami,CN,2021-08-22 01:33:08,42.8,93.45,77.54,21,0,14.94,clear sky
103,Avarua,CK,2021-08-22 01:28:42,-21.2078,-159.775,78.85,83,75,12.66,broken clouds
104,Clyde River,CA,2021-08-22 01:32:11,70.4692,-68.5914,40.37,84,44,6.78,scattered clouds
105,Bengkulu,ID,2021-08-22 01:33:08,-3.8004,102.2655,79.05,76,100,2.06,overcast clouds
106,Vaini,TO,2021-08-22 01:31:20,-21.2,-175.2,77.16,83,40,9.22,scattered clouds
107,Vangaindrano,MG,2021-08-22 01:33:09,-23.35,47.6,68.13,93,87,2.57,light rain
108,Neuquen,AR,2021-08-22 01:29:16,-38.9516,-68.0591,48.09,76,75,3.44,broken clouds
109,Melbu,NO,2021-08-22 01:33:09,68.5044,14.8297,45.32,80,100,5.86,overcast clouds
110,Ballina,AU,2021-08-22 01:33:10,-28.8667,153.5667,73.44,68,40,9.22,scattered clouds
111,Collie,AU,2021-08-22 01:33:10,-33.3667,116.15,49.98,58,97,7.63,overcast clouds
112,Sao Filipe,CV,2021-08-22 01:31:44,14.8961,-24.4956,79.03,82,47,6.26,scattered clouds
113,Prachuap Khiri Khan,TH,2021-08-22 01:33:10,12.2167,99.75,82.71,61,97,3.67,overcast clouds
114,Stornoway,GB,2021-08-22 01:33:11,58.2093,-6.3865,57.16,94,90,3.44,overcast clouds
115,Hutchinson,US,2021-08-22 01:28:37,38.0608,-97.9298,81.63,57,1,3.44,clear sky
116,College,US,2021-08-22 01:29:05,64.8569,-147.8028,56.86,72,75,14.97,light rain
117,Kushmurun,KZ,2021-08-22 01:33:12,52.4503,64.6311,74.12,42,0,6.87,clear sky
118,Qaanaaq,GL,2021-08-22 01:27:18,77.484,-69.3632,33.44,83,11,3.53,few clouds
119,Sioux Lookout,CA,2021-08-22 01:33:12,50.1001,-91.917,59.38,72,75,19.57,broken clouds
120,Moose Jaw,CA,2021-08-22 01:33:12,50.4001,-105.5344,68.25,40,100,3.44,overcast clouds
121,Georgetown,MY,2021-08-22 01:30:16,5.4112,100.3354,75.88,89,20,6.91,few clouds
122,Gornopravdinsk,RU,2021-08-22 01:33:13,60.05,69.9,69.82,75,87,6.08,overcast clouds
123,Lasa,IT,2021-08-22 01:32:13,46.6166,10.7002,65.28,86,96,2.24,overcast clouds
124,Kenai,US,2021-08-22 01:32:20,60.5544,-151.2583,65.03,42,1,9.22,clear sky
125,Hilo,US,2021-08-22 01:27:50,19.7297,-155.09,83.93,70,20,13.8,few clouds
126,Havre-Saint-Pierre,CA,2021-08-22 01:33:13,50.2334,-63.5986,60.8,88,1,0.0,clear sky
127,Kisangani,CD,2021-08-22 01:33:13,0.5167,25.2,67.41,98,64,2.13,broken clouds
128,Halifax,CA,2021-08-22 01:32:06,44.6453,-63.5724,67.41,91,87,1.14,overcast clouds
129,Tuatapere,NZ,2021-08-22 01:31:57,-46.1333,167.6833,60.82,74,99,8.77,overcast clouds
130,Yanaul,RU,2021-08-22 01:33:14,56.2719,54.9309,70.79,40,22,6.71,few clouds
131,Horn Lake,US,2021-08-22 01:33:14,34.9554,-90.0348,84.54,85,75,4.61,broken clouds
132,Atuona,PF,2021-08-22 01:31:38,-9.8,-139.0333,77.09,77,14,18.52,few clouds
133,Klaksvik,FO,2021-08-22 01:28:08,62.2266,-6.589,52.72,93,100,18.32,overcast clouds
134,Touros,BR,2021-08-22 01:30:44,-5.1989,-35.4608,74.3,83,4,13.98,clear sky
135,Nampula,MZ,2021-08-22 01:33:15,-15.1165,39.2666,66.15,100,20,8.05,mist
136,Kinsale,IE,2021-08-22 01:33:15,51.7075,-8.5306,56.57,94,40,5.75,scattered clouds
137,Furukawa,JP,2021-08-22 01:33:15,38.5717,140.9556,77.94,93,100,2.64,light rain
138,Jamestown,US,2021-08-22 01:29:00,42.097,-79.2353,71.19,98,90,1.99,mist
139,Shingu,JP,2021-08-22 01:30:29,33.7333,135.9833,81.91,68,100,9.01,light rain
140,Skibbereen,IE,2021-08-22 01:33:16,51.55,-9.2667,57.0,95,94,8.52,overcast clouds
141,Dinguiraye,GN,2021-08-22 01:33:16,11.3,-10.7167,70.79,95,100,3.33,overcast clouds
142,Caravelas,BR,2021-08-22 01:31:53,-17.7125,-39.2481,69.75,82,5,4.97,clear sky
143,Luderitz,NA,2021-08-22 01:31:37,-26.6481,15.1594,51.53,75,0,18.41,clear sky
144,Gamba,GA,2021-08-22 01:28:20,-2.65,10.0,72.72,82,100,6.02,overcast clouds
145,Port Lincoln,AU,2021-08-22 01:28:27,-34.7333,135.8667,63.66,52,1,22.41,clear sky
146,East London,ZA,2021-08-22 01:28:44,-33.0153,27.9116,57.54,73,4,11.12,clear sky
147,Cumana,VE,2021-08-22 01:33:17,10.4635,-64.1775,82.49,86,38,9.17,scattered clouds
148,Roma,US,2021-08-22 01:33:17,43.2128,-75.4557,75.34,85,20,5.75,few clouds
149,Mehamn,NO,2021-08-22 01:31:56,71.0357,27.8492,42.93,76,100,5.08,overcast clouds
150,Peruibe,BR,2021-08-22 01:33:18,-24.32,-46.9983,63.14,94,6,3.83,clear sky
151,Kedrovyy,RU,2021-08-22 01:33:18,56.1667,91.8167,50.41,65,93,3.78,overcast clouds
152,Upernavik,GL,2021-08-22 01:28:43,72.7868,-56.1549,38.28,91,35,11.25,scattered clouds
153,Mullovka,RU,2021-08-22 01:33:18,54.2,49.4,71.42,29,100,6.38,light rain
154,Mosquera,CO,2021-08-22 01:32:19,4.7059,-74.2302,53.69,94,40,4.61,scattered clouds
155,Diu,IN,2021-08-22 01:33:19,20.7141,70.9822,77.63,89,100,5.3,overcast clouds
156,Dunedin,NZ,2021-08-22 01:30:10,-45.8742,170.5036,48.79,61,100,5.99,overcast clouds
157,Pisco,PE,2021-08-22 01:31:41,-13.7,-76.2167,62.65,77,0,9.22,clear sky
158,Inyonga,TZ,2021-08-22 01:33:19,-6.7167,32.0667,65.53,61,23,3.58,few clouds
159,Severo-Kurilsk,RU,2021-08-22 01:28:11,50.6789,156.125,56.05,92,100,9.78,overcast clouds
160,Bureya,RU,2021-08-22 01:33:20,49.8133,129.8131,64.78,97,100,7.65,overcast clouds
161,Yumen,CN,2021-08-22 01:30:18,40.2833,97.2,75.16,18,0,9.06,clear sky
162,Capaci,IT,2021-08-22 01:33:20,38.1711,13.2393,79.25,72,0,5.75,clear sky
163,Aykhal,RU,2021-08-22 01:33:20,66.0,111.5,50.7,55,6,11.59,clear sky
164,Noumea,NC,2021-08-22 01:32:41,-22.2763,166.4572,75.18,68,41,17.0,scattered clouds
165,Grand Gaube,MU,2021-08-22 01:30:05,-20.0064,57.6608,65.37,71,0,1.99,clear sky
166,Suez,EG,2021-08-22 01:33:21,29.9737,32.5263,75.9,85,0,9.33,clear sky
167,Muroto,JP,2021-08-22 01:31:52,33.2833,134.15,82.44,85,100,12.59,overcast clouds
168,Coahuayana,MX,2021-08-22 01:33:21,18.7333,-103.6833,85.48,96,100,5.44,overcast clouds
169,Kodiak,US,2021-08-22 01:31:17,57.79,-152.4072,60.31,59,90,3.44,overcast clouds
170,Carauari,BR,2021-08-22 01:33:22,-4.8828,-66.8958,74.35,87,35,1.36,scattered clouds
171,Arani,IN,2021-08-22 01:33:22,12.6667,79.2833,79.48,73,96,1.25,overcast clouds
172,Daraitan,PH,2021-08-22 01:33:22,14.6028,121.4319,83.71,66,99,2.75,overcast clouds
173,Makinsk,KZ,2021-08-22 01:33:23,52.6292,70.4169,60.87,47,0,2.59,clear sky
174,Bathsheba,BB,2021-08-22 01:31:38,13.2167,-59.5167,83.01,83,40,18.41,scattered clouds
175,Arraial Do Cabo,BR,2021-08-22 01:27:59,-22.9661,-42.0278,69.71,88,0,16.46,clear sky
176,Kavieng,PG,2021-08-22 01:32:10,-2.5744,150.7967,84.33,71,35,14.25,light rain
177,Hambantota,LK,2021-08-22 01:33:23,6.1241,81.1185,79.14,100,20,3.44,few clouds
178,Kefamenanu,ID,2021-08-22 01:33:24,-9.4467,124.4781,85.46,31,75,9.55,broken clouds
179,Zyryanka,RU,2021-08-22 01:29:00,65.75,150.85,64.98,61,100,1.41,overcast clouds
180,Los Llanos De Aridane,ES,2021-08-22 01:31:36,28.6585,-17.9182,67.75,83,0,8.05,clear sky
181,Aracati,BR,2021-08-22 01:33:24,-4.5617,-37.7697,76.8,77,0,13.8,clear sky
182,Aksarka,RU,2021-08-22 01:33:25,66.5606,67.7975,59.27,70,12,9.73,few clouds
183,Shyryayeve,UA,2021-08-22 01:33:25,47.3805,30.1964,64.94,68,75,7.67,broken clouds
184,Souillac,MU,2021-08-22 01:28:31,-20.5167,57.5167,66.36,88,20,4.61,few clouds
185,Kualakapuas,ID,2021-08-22 01:33:25,-3.0091,114.3876,81.46,78,84,4.61,broken clouds
186,Tiarei,PF,2021-08-22 01:33:25,-17.5333,-149.3333,82.42,81,47,22.57,light rain
187,Constantine,DZ,2021-08-22 01:31:47,36.365,6.6147,71.01,40,0,3.44,clear sky
188,Vigrestad,NO,2021-08-22 01:33:26,58.5667,5.7,53.01,83,7,8.46,clear sky
189,Turan,VN,2021-08-22 01:29:33,16.0678,108.2208,86.05,66,20,1.14,few clouds
190,Tondano,ID,2021-08-22 01:33:26,1.3038,124.9112,80.69,61,71,4.27,broken clouds
191,Chardara,KZ,2021-08-22 01:33:27,41.2547,67.9692,77.05,36,0,2.98,clear sky
192,Naliya,IN,2021-08-22 01:33:27,23.2667,68.8333,80.17,76,100,13.06,overcast clouds
193,Muyezerskiy,RU,2021-08-22 01:33:27,63.9333,31.65,51.03,96,100,2.75,light rain
194,Lebu,CL,2021-08-22 01:32:02,-37.6167,-73.65,48.81,84,74,18.48,broken clouds
195,Dukat,RU,2021-08-22 01:31:13,62.55,155.55,61.3,63,100,6.06,overcast clouds
196,Abu Samrah,SY,2021-08-22 01:33:28,35.3029,37.1841,79.21,36,0,5.21,clear sky
197,Port-Gentil,GA,2021-08-22 01:33:28,-0.7193,8.7815,75.33,80,100,11.59,overcast clouds
198,Newtownards,GB,2021-08-22 01:33:28,54.5924,-5.6909,59.74,96,40,3.44,mist
199,Preobrazheniye,RU,2021-08-22 01:33:28,42.9019,133.9064,71.1,91,49,12.24,scattered clouds
200,Buluang,PH,2021-08-22 01:33:29,13.3068,123.3425,87.73,63,100,4.36,overcast clouds
201,Tsuruga,JP,2021-08-22 01:33:29,35.6455,136.0558,77.63,81,63,7.47,broken clouds
202,Chicama,PE,2021-08-22 01:33:29,-7.8447,-79.1469,59.54,83,23,4.85,few clouds
203,Mafra,BR,2021-08-22 01:33:21,-26.1114,-49.8053,58.32,81,0,2.42,clear sky
204,Biak,ID,2021-08-22 01:33:30,-0.9131,122.8766,76.89,83,100,8.57,overcast clouds
205,Nouadhibou,MR,2021-08-22 01:33:30,20.931,-17.0347,78.78,73,0,13.8,clear sky
206,Bisira,PA,2021-08-22 01:33:30,8.5196,-81.7115,61.43,98,100,1.5,overcast clouds
207,Port Hedland,AU,2021-08-22 01:29:21,-20.3167,118.5667,69.85,88,40,5.75,scattered clouds
208,Kamennogorsk,RU,2021-08-22 01:33:31,60.9545,29.1339,49.01,96,50,3.13,scattered clouds
209,Asfi,MA,2021-08-22 01:33:31,32.2994,-9.2372,67.57,91,0,8.28,clear sky
210,Narsaq,GL,2021-08-22 01:31:58,60.9167,-46.05,61.02,63,99,5.14,overcast clouds
211,Ust-Nera,RU,2021-08-22 01:33:31,64.5667,143.2,69.73,73,100,5.77,overcast clouds
212,Luzhou,CN,2021-08-22 01:33:32,28.8724,105.4405,85.84,77,100,3.76,moderate rain
213,Senanga,ZM,2021-08-22 01:33:32,-16.1167,23.2667,60.75,31,0,6.08,clear sky
214,Ixtapa,MX,2021-08-22 01:32:24,20.7,-105.2,77.23,94,75,3.44,thunderstorm
215,Turukhansk,RU,2021-08-22 01:30:49,65.8167,87.9833,48.78,96,100,12.37,light rain
216,Vardo,NO,2021-08-22 01:29:58,70.3705,31.1107,44.44,72,100,14.03,overcast clouds
217,Portree,GB,2021-08-22 01:33:33,57.4129,-6.1942,57.85,93,97,2.17,overcast clouds
218,Parrita,CR,2021-08-22 01:33:33,9.5201,-84.3225,83.26,82,100,2.64,light rain
219,Sur,OM,2021-08-22 01:32:11,22.5667,59.5289,85.39,59,1,5.03,clear sky
220,Kahului,US,2021-08-22 01:32:23,20.8947,-156.47,86.02,67,20,16.11,few clouds
221,Saint-Pierre,RE,2021-08-22 01:31:19,-21.3393,55.4781,69.48,59,90,9.22,overcast clouds
222,Mnogovershinnyy,RU,2021-08-22 01:32:20,53.9353,139.9242,78.15,47,2,4.34,clear sky
223,Porto Santo,PT,2021-08-22 01:33:34,33.072,-16.3415,71.98,64,40,4.61,scattered clouds
224,Acajutla,SV,2021-08-22 01:33:34,13.5928,-89.8275,81.81,82,100,5.61,overcast clouds
225,Polyarnyy,RU,2021-08-22 01:33:34,69.1989,33.4478,43.27,77,100,12.95,overcast clouds
226,Puerto Colombia,CO,2021-08-22 01:33:35,10.9878,-74.9547,82.49,80,66,12.71,broken clouds
227,Zimovniki,RU,2021-08-22 01:33:35,47.1483,42.4633,68.07,77,0,5.39,clear sky
228,Hokitika,NZ,2021-08-22 01:33:35,-42.7167,170.9667,48.58,85,100,5.57,overcast clouds
229,Shimoda,JP,2021-08-22 01:33:35,34.6667,138.95,86.11,75,97,14.43,overcast clouds
230,Gat,IL,2021-08-22 01:33:36,31.61,34.7642,79.48,100,0,0.81,clear sky
231,Montepuez,MZ,2021-08-22 01:33:36,-13.1256,38.9997,65.5,82,0,3.76,clear sky
232,Bulgan,MN,2021-08-22 01:33:36,48.8125,103.5347,41.09,95,100,7.14,overcast clouds
233,Provideniya,RU,2021-08-22 01:31:16,64.3833,-173.3,51.4,80,100,4.61,overcast clouds
234,Saint George,US,2021-08-22 01:27:23,37.1041,-113.5841,94.62,15,1,1.99,clear sky
235,Shitanjing,CN,2021-08-22 01:33:37,39.2342,106.3439,76.55,19,42,5.01,scattered clouds
236,Dubbo,AU,2021-08-22 01:29:37,-32.25,148.6167,71.73,40,40,5.75,scattered clouds
237,San Cristobal,VE,2021-08-22 01:32:26,7.7669,-72.225,75.38,96,40,2.04,scattered clouds
238,Ciudad Bolivar,VE,2021-08-22 01:33:38,8.1222,-63.5497,77.99,85,92,10.07,overcast clouds
239,Amapa,BR,2021-08-22 01:33:38,1.0,-52.0,73.9,89,92,5.17,overcast clouds
240,Lishui,CN,2021-08-22 01:33:38,28.4604,119.9103,88.21,71,37,2.73,scattered clouds
241,Finschhafen,PG,2021-08-22 01:33:38,-6.6024,147.8681,82.81,71,92,10.38,overcast clouds
242,Ulladulla,AU,2021-08-22 01:33:39,-35.35,150.4667,72.88,40,0,4.72,clear sky
243,Mount Isa,AU,2021-08-22 01:31:36,-20.7333,139.5,83.97,24,40,10.36,scattered clouds
244,Calvinia,ZA,2021-08-22 01:33:39,-31.4707,19.776,40.68,71,0,4.16,clear sky
245,Tatvan,TR,2021-08-22 01:33:39,38.5067,42.2817,63.81,72,7,5.1,clear sky
246,Salalah,OM,2021-08-22 01:32:33,17.0151,54.0924,78.89,94,90,4.61,overcast clouds
247,Evensk,RU,2021-08-22 01:33:40,61.95,159.2333,52.79,85,97,8.43,overcast clouds
248,Anadyr,RU,2021-08-22 01:33:40,64.75,177.4833,52.3,87,20,13.42,fog
249,Bubaque,GW,2021-08-22 01:33:41,11.2833,-15.8333,80.42,83,100,14.61,overcast clouds
250,Amberley,US,2021-08-22 01:33:41,39.2048,-84.428,79.72,77,1,0.0,mist
251,Dawei,MM,2021-08-22 01:33:41,14.0833,98.2,82.29,78,72,2.28,broken clouds
252,Kaitangata,NZ,2021-08-22 01:31:40,-46.2817,169.8464,54.57,61,100,6.2,overcast clouds
253,Montenegro,ME,2021-08-22 01:33:42,42.5,19.3,73.15,31,0,5.75,clear sky
254,Praia Da Vitoria,PT,2021-08-22 01:33:42,38.7333,-27.0667,74.75,94,20,11.48,few clouds
255,San Quintin,MX,2021-08-22 01:33:42,30.4833,-115.95,71.44,66,0,9.86,clear sky
256,Airai,TL,2021-08-22 01:27:36,-8.9266,125.4092,72.63,24,7,4.32,clear sky
257,Walvis Bay,NA,2021-08-22 01:33:43,-22.9575,14.5053,50.09,93,0,6.91,clear sky
258,Norman Wells,CA,2021-08-22 01:33:43,65.282,-126.8329,57.24,67,90,8.05,overcast clouds
259,Alenquer,BR,2021-08-22 01:33:43,-1.9417,-54.7383,79.14,59,5,4.54,clear sky
260,Savannakhet,LA,2021-08-22 01:31:43,16.566,104.751,84.4,74,100,7.43,overcast clouds
261,Abha,SA,2021-08-22 01:26:26,18.2164,42.5053,67.82,52,0,0.0,clear sky
262,Viedma,AR,2021-08-22 01:33:44,-40.8135,-62.9967,47.12,84,100,24.85,overcast clouds
263,Aklavik,CA,2021-08-22 01:33:44,68.2191,-135.0107,57.92,53,36,8.39,scattered clouds
264,Bereda,ES,2021-08-22 01:33:44,43.2686,-7.5406,62.35,97,91,2.1,overcast clouds
265,Lashio,MM,2021-08-22 01:33:45,22.9333,97.75,71.26,93,95,1.59,overcast clouds
266,Lac-Au-Saumon,CA,2021-08-22 01:33:45,48.421,-67.3476,64.9,84,94,4.56,overcast clouds
267,Bischwiller,FR,2021-08-22 01:33:45,48.7659,7.8583,65.75,94,75,5.75,broken clouds
268,Lekoni,GA,2021-08-22 01:33:46,-1.5843,14.2591,77.72,65,96,4.32,light rain
269,Geraldton,AU,2021-08-22 01:32:32,-28.7667,114.6,59.41,88,90,5.75,overcast clouds
270,Saint Augustine,US,2021-08-22 01:33:46,29.8947,-81.3145,87.93,80,1,3.44,clear sky
271,Yar-Sale,RU,2021-08-22 01:32:00,66.8333,70.8333,58.87,74,12,7.4,few clouds
272,Anahuac,MX,2021-08-22 01:33:46,27.2333,-100.15,85.5,44,100,17.2,overcast clouds
273,Kinkala,CG,2021-08-22 01:33:47,-4.3614,14.7644,73.71,68,9,4.32,clear sky
274,Hasaki,JP,2021-08-22 01:31:37,35.7333,140.8333,84.6,75,100,13.06,overcast clouds
275,Abnub,EG,2021-08-22 01:33:47,27.2696,31.1511,82.62,41,0,11.77,clear sky
276,Mokhsogollokh,RU,2021-08-22 01:33:47,61.4681,128.9203,67.26,81,100,2.51,overcast clouds
277,Tornio,FI,2021-08-22 01:33:48,65.8481,24.1466,50.02,92,100,19.73,overcast clouds
278,Svetlogorsk,BY,2021-08-22 01:33:48,52.6333,29.7333,50.54,90,4,5.1,clear sky
279,Ahipara,NZ,2021-08-22 01:33:48,-35.1667,173.1667,59.86,60,47,11.95,scattered clouds
280,Gimli,CA,2021-08-22 01:33:48,50.6336,-96.9907,64.42,63,11,4.61,few clouds
281,Te Anau,NZ,2021-08-22 01:33:49,-45.4167,167.7167,45.84,91,99,5.48,overcast clouds
282,Naraini,IN,2021-08-22 01:33:49,25.1833,80.4833,82.87,74,99,5.99,overcast clouds
283,Carutapera,BR,2021-08-22 01:33:49,-1.195,-46.02,76.53,89,2,5.95,clear sky
284,Grindavik,IS,2021-08-22 01:33:50,63.8424,-22.4338,50.47,87,90,5.75,moderate rain
285,Coihaique,CL,2021-08-22 01:33:50,-45.5752,-72.0662,35.55,93,90,6.91,moderate rain
286,Necochea,AR,2021-08-22 01:30:07,-38.5473,-58.7368,46.04,92,100,14.94,light rain
287,Srednekolymsk,RU,2021-08-22 01:33:50,67.45,153.6833,70.03,41,100,4.27,overcast clouds
288,Alekseyevsk,RU,2021-08-22 01:33:51,57.8406,108.3492,63.39,77,100,7.11,overcast clouds
289,Iisalmi,FI,2021-08-22 01:33:51,63.5592,27.1907,53.62,98,100,1.39,overcast clouds
290,Okhotsk,RU,2021-08-22 01:33:51,59.3833,143.3,61.61,89,100,2.59,overcast clouds
291,Jipijapa,EC,2021-08-22 01:33:51,-1.3333,-80.5833,67.5,90,99,5.48,overcast clouds
292,Christchurch,NZ,2021-08-22 01:27:59,-43.5333,172.6333,59.32,56,19,1.99,few clouds
293,Kochubey,RU,2021-08-22 01:33:52,44.3861,46.5825,76.62,60,87,10.76,overcast clouds
294,Hashtgerd,IR,2021-08-22 01:33:52,35.9642,50.6858,77.56,37,56,2.77,broken clouds
295,Marigot,MF,2021-08-22 01:33:52,18.0667,-63.0833,83.98,74,20,12.66,few clouds
296,Nago,JP,2021-08-22 01:33:53,26.5881,127.9761,86.16,88,100,17.09,overcast clouds
297,Vokhtoga,RU,2021-08-22 01:33:53,58.8147,41.0461,59.92,99,100,0.72,heavy intensity rain
298,Ngunguru,NZ,2021-08-22 01:33:53,-35.6167,174.5,59.16,53,51,13.29,broken clouds
299,Bell Ville,AR,2021-08-22 01:33:53,-32.6259,-62.6887,59.41,80,5,7.58,clear sky
300,Marsa Matruh,EG,2021-08-22 01:32:35,31.3525,27.2453,75.4,83,0,8.05,clear sky
301,Codrington,AU,2021-08-22 01:33:54,-38.2667,141.9667,60.75,67,0,19.89,clear sky
302,Loandjili,CG,2021-08-22 01:33:54,-4.7561,11.8578,73.51,83,20,3.44,few clouds
303,Cockburn Town,TC,2021-08-22 01:33:54,21.4612,-71.1419,82.26,85,87,18.5,overcast clouds
304,Sukumo,JP,2021-08-22 01:33:55,32.9333,132.7333,82.15,84,91,8.81,overcast clouds
305,Sola,VU,2021-08-22 01:32:11,-13.8833,167.55,78.58,72,14,19.8,few clouds
306,Mangrol,IN,2021-08-22 01:33:55,21.1167,70.1167,79.29,83,100,6.02,overcast clouds
307,Biltine,TD,2021-08-22 01:33:55,14.5333,20.9167,80.74,51,79,10.36,broken clouds
308,Margate,GB,2021-08-22 01:30:18,51.3813,1.3862,62.91,92,51,1.01,broken clouds
309,Laguna De Perlas,NI,2021-08-22 01:33:56,12.3429,-83.6712,79.34,85,91,7.76,overcast clouds
310,Taltal,CL,2021-08-22 01:28:41,-25.4,-70.4833,62.31,61,0,4.5,clear sky
311,Kieta,PG,2021-08-22 01:33:56,-6.2167,155.6333,85.73,66,11,7.83,few clouds
312,Saskylakh,RU,2021-08-22 01:33:56,71.9167,114.0833,43.88,83,99,7.74,overcast clouds
313,Saint-Joseph,RE,2021-08-22 01:31:28,-21.3667,55.6167,68.38,79,16,3.87,few clouds
314,Port Hueneme,US,2021-08-22 01:30:17,34.1478,-119.1951,83.64,69,1,10.36,clear sky
315,Bowen,AU,2021-08-22 01:32:05,-20.0167,148.2333,77.22,59,0,17.98,clear sky
316,Waingapu,ID,2021-08-22 01:33:57,-9.6567,120.2641,84.65,56,40,12.17,scattered clouds
317,Talnakh,RU,2021-08-22 01:32:16,69.4865,88.3972,46.98,97,100,8.39,moderate rain
318,Santa Fe,AR,2021-08-22 01:29:14,-31.6333,-60.7,64.02,71,6,1.99,clear sky
319,Mariental,NA,2021-08-22 01:33:57,-24.6333,17.9667,46.18,46,0,7.54,clear sky
320,Tabou,CI,2021-08-22 01:33:58,4.423,-7.3528,74.62,91,100,8.43,moderate rain
321,Alofi,NU,2021-08-22 01:32:12,-19.0595,-169.9187,82.29,69,16,9.22,few clouds
322,Quincy,US,2021-08-22 01:29:33,42.2529,-71.0023,77.63,90,40,4.61,scattered clouds
323,Vostok,RU,2021-08-22 01:33:58,46.4856,135.8833,65.8,81,100,10.49,moderate rain
324,Kiyasovo,RU,2021-08-22 01:33:58,56.3491,53.1244,68.83,37,92,2.59,overcast clouds
325,Susanville,US,2021-08-22 01:33:59,40.4163,-120.653,76.84,25,1,10.0,haze
326,Turayf,SA,2021-08-22 01:33:59,31.6725,38.6637,79.05,22,0,9.22,clear sky
327,Nieuw Amsterdam,SR,2021-08-22 01:33:59,5.8833,-55.0833,79.02,88,80,7.56,broken clouds
328,Erzin,TR,2021-08-22 01:34:00,36.9559,36.2,78.01,60,0,2.01,clear sky
329,Augustow,PL,2021-08-22 01:34:00,53.8432,22.9798,49.91,91,23,2.42,few clouds
330,Karratha,AU,2021-08-22 01:34:00,-20.7377,116.8463,79.45,46,0,9.53,clear sky
331,Olafsvik,IS,2021-08-22 01:32:30,64.8945,-23.7142,51.46,93,100,2.35,overcast clouds
332,Namibe,AO,2021-08-22 01:32:06,-15.1961,12.1522,59.29,81,13,5.19,few clouds
333,Dhidhdhoo,MV,2021-08-22 01:34:01,6.8833,73.1,81.55,75,79,8.84,broken clouds
334,Anjiang,CN,2021-08-22 01:34:01,27.3194,110.1031,89.15,59,100,9.66,overcast clouds
335,Pangnirtung,CA,2021-08-22 01:31:57,66.1451,-65.7125,49.46,75,16,2.3,few clouds
336,Bethel,US,2021-08-22 01:31:52,41.3712,-73.414,76.44,89,100,1.99,overcast clouds
337,Rincon,US,2021-08-22 01:34:02,32.296,-81.2354,82.36,95,90,6.91,overcast clouds
338,Nacala,MZ,2021-08-22 01:34:02,-14.5428,40.6728,68.92,94,10,5.61,clear sky
339,Petlawad,IN,2021-08-22 01:34:02,23.0,74.8,74.1,94,91,7.83,overcast clouds
340,Carmarthen,GB,2021-08-22 01:34:02,51.8555,-4.3054,60.94,94,75,10.36,broken clouds
341,Tura,IN,2021-08-22 01:34:03,25.5198,90.2201,75.11,95,100,4.09,overcast clouds
342,Osmena,PH,2021-08-22 01:34:03,10.5208,119.9258,83.32,69,100,2.48,overcast clouds
343,Saint-Marc,HT,2021-08-22 01:34:03,19.1082,-72.6938,79.41,77,100,4.92,overcast clouds
344,Tomatlan,MX,2021-08-22 01:34:04,19.9333,-105.25,80.98,91,100,4.7,overcast clouds
345,Kunya,NG,2021-08-22 01:34:04,12.2233,8.5325,71.76,94,20,0.0,few clouds
346,Imatra,FI,2021-08-22 01:34:04,61.1719,28.7524,48.58,89,82,5.95,broken clouds
347,Soure,BR,2021-08-22 01:34:05,-0.7167,-48.5233,79.75,83,13,11.36,few clouds
348,Qaqortoq,GL,2021-08-22 01:32:34,60.7167,-46.0333,61.3,64,100,4.94,overcast clouds
349,Kanturk,IE,2021-08-22 01:34:05,52.1667,-8.9,58.08,98,85,3.33,overcast clouds
350,Rocha,UY,2021-08-22 01:32:05,-34.4833,-54.3333,53.33,94,100,11.72,heavy intensity rain
351,Port Hardy,CA,2021-08-22 01:30:15,50.6996,-127.4199,59.18,72,75,9.22,broken clouds
352,Nawa,IN,2021-08-22 01:34:06,27.0167,75.0,83.28,71,70,2.8,broken clouds
353,Arman,RU,2021-08-22 01:34:06,59.7,150.1667,59.95,81,78,6.02,broken clouds
354,Enshi,CN,2021-08-22 01:32:05,30.3,109.4833,83.44,83,100,1.7,overcast clouds
355,Pitimbu,BR,2021-08-22 01:34:06,-7.4706,-34.8086,73.99,84,5,9.06,clear sky
356,Boromo,BF,2021-08-22 01:34:07,11.75,-2.9333,73.17,91,100,5.21,light rain
357,Vao,NC,2021-08-22 01:34:07,-22.6667,167.4833,68.47,66,7,16.04,clear sky
358,Tiznit,MA,2021-08-22 01:30:51,29.5833,-9.5,66.76,68,0,2.48,clear sky
359,Cepelare,BG,2021-08-22 01:34:07,41.7333,24.6833,52.99,71,3,1.03,clear sky
360,Andenes,NO,2021-08-22 01:29:35,69.3143,16.1194,44.58,81,90,5.75,overcast clouds
361,Ilulissat,GL,2021-08-22 01:32:21,69.2167,-51.1,42.82,75,37,1.14,scattered clouds
362,Mackay,AU,2021-08-22 01:27:57,-21.15,149.2,78.04,69,0,14.97,clear sky
363,Leningradskiy,RU,2021-08-22 01:31:20,69.3833,178.4167,35.55,98,100,3.56,moderate rain
364,Nara,JP,2021-08-22 01:34:08,34.6851,135.8049,85.37,63,76,2.82,broken clouds
365,Nokaneng,BW,2021-08-22 01:34:08,-19.6667,22.2667,61.88,29,0,5.64,clear sky
366,Alegre,BR,2021-08-22 01:34:09,-20.7636,-41.5331,65.53,67,0,3.09,clear sky
367,Port Shepstone,ZA,2021-08-22 01:30:18,-30.7414,30.455,61.54,70,69,13.4,broken clouds
368,Coihueco,CL,2021-08-22 01:34:09,-36.6167,-71.8333,48.94,100,75,13.8,broken clouds
369,Tailai,CN,2021-08-22 01:34:09,46.3833,123.4,73.02,63,37,7.54,scattered clouds
370,Tignere,CM,2021-08-22 01:34:10,7.3667,12.65,63.01,97,100,0.98,light rain
371,Cayenne,GF,2021-08-22 01:30:06,4.9333,-52.3333,81.09,80,74,4.0,broken clouds
372,Soyo,AO,2021-08-22 01:34:10,-6.1349,12.3689,71.1,85,1,5.75,clear sky
373,Havoysund,NO,2021-08-22 01:34:10,70.9963,24.6622,43.68,83,100,5.14,overcast clouds
374,Bandar-E Lengeh,IR,2021-08-22 01:34:10,26.5579,54.8807,90.16,67,68,3.78,broken clouds
375,Yabrud,SY,2021-08-22 01:34:11,33.9674,36.6574,65.52,28,0,3.06,clear sky
376,Mirabad,AF,2021-08-22 01:34:11,30.4362,61.8383,80.83,18,0,11.74,clear sky
377,Yamada,JP,2021-08-22 01:34:11,39.4667,141.95,73.58,96,97,4.56,overcast clouds
378,Ryotsu,JP,2021-08-22 01:34:12,38.0833,138.4333,78.76,87,100,5.06,overcast clouds
379,Sale,MA,2021-08-22 01:34:12,34.0389,-6.8166,73.42,94,40,0.0,scattered clouds
380,Pacific Grove,US,2021-08-22 01:34:13,36.6177,-121.9166,68.81,87,90,3.0,haze
381,Isangel,VU,2021-08-22 01:34:13,-19.55,169.2667,78.91,65,40,6.91,scattered clouds
382,Yinchuan,CN,2021-08-22 01:34:13,38.4681,106.2731,79.57,28,94,9.15,overcast clouds
383,Sao Felix Do Xingu,BR,2021-08-22 01:31:48,-6.6447,-51.995,76.3,42,29,1.68,scattered clouds
384,Mokrousovo,RU,2021-08-22 01:34:14,55.8103,66.7653,72.05,46,47,4.12,scattered clouds
385,Asau,RO,2021-08-22 01:28:19,46.4333,26.4,61.72,96,23,3.96,light rain
386,Bathurst,AU,2021-08-22 01:30:09,-33.4166,149.5806,68.97,46,46,1.99,scattered clouds
387,Kudahuvadhoo,MV,2021-08-22 01:34:14,2.6708,72.8944,82.09,72,20,7.81,few clouds
388,Helong,CN,2021-08-22 01:34:15,42.5397,128.9972,69.6,71,100,15.88,overcast clouds
389,Kibara,TZ,2021-08-22 01:34:15,-2.15,33.45,69.84,66,51,1.19,light rain
390,Muros,ES,2021-08-22 01:34:15,42.7762,-9.0603,66.99,94,32,5.93,scattered clouds
391,Pevek,RU,2021-08-22 01:31:51,69.7008,170.3133,41.2,93,97,9.71,light rain
392,Puerto Escondido,MX,2021-08-22 01:33:44,15.85,-97.0667,81.43,65,40,0.0,scattered clouds
393,Urumqi,CN,2021-08-22 01:29:53,43.801,87.6005,65.35,49,0,8.95,clear sky
394,Mitzic,GA,2021-08-22 01:34:16,0.7821,11.549,67.35,96,100,2.62,overcast clouds
395,Moindou,NC,2021-08-22 01:34:16,-21.6924,165.677,75.15,68,43,15.97,scattered clouds
396,Abu Kamal,SY,2021-08-22 01:34:17,34.4506,40.9171,86.38,17,0,1.45,clear sky
397,Ajaccio,FR,2021-08-22 01:34:17,42.0,8.9167,68.05,77,0,6.91,clear sky
398,Hirara,JP,2021-08-22 01:34:17,24.8,125.2833,82.26,94,75,18.41,broken clouds
399,Sancti Spiritus,CU,2021-08-22 01:34:18,21.9297,-79.4425,76.57,93,63,6.82,broken clouds
400,Nyurba,RU,2021-08-22 01:34:18,63.2842,118.3319,59.61,70,100,10.04,overcast clouds
401,Roald,NO,2021-08-22 01:34:18,62.5833,6.1333,51.94,82,15,12.66,few clouds
402,Carballo,ES,2021-08-22 01:34:19,43.213,-8.691,65.91,87,67,0.6,broken clouds
403,Sitka,US,2021-08-22 01:31:35,57.0531,-135.33,62.49,67,40,17.27,scattered clouds
404,Fuerte,PH,2021-08-22 01:34:20,17.5381,120.3644,84.58,71,26,4.36,scattered clouds
405,Fort Nelson,CA,2021-08-22 01:31:42,58.8053,-122.7002,54.99,94,90,5.75,light intensity shower rain
406,Voyvozh,RU,2021-08-22 01:34:20,62.892,54.9635,61.38,91,99,5.01,overcast clouds
407,Petropavlovsk-Kamchatskiy,RU,2021-08-22 01:34:21,53.0452,158.6483,64.99,77,40,8.95,scattered clouds
408,Hudiksvall,SE,2021-08-22 01:34:21,61.729,17.1036,44.53,69,99,7.87,overcast clouds
409,Pontianak,ID,2021-08-22 01:34:12,-0.0333,109.3333,75.18,94,20,9.22,light rain
410,Teya,RU,2021-08-22 01:34:21,60.3778,92.6267,56.75,54,9,2.8,clear sky
411,Gangapur,IN,2021-08-22 01:34:22,26.4833,76.7167,82.08,78,90,8.21,overcast clouds
412,Malanje,AO,2021-08-22 01:34:22,-9.5402,16.341,64.54,81,17,3.76,few clouds
413,Kaeo,NZ,2021-08-22 01:31:36,-35.1,173.7833,60.33,67,98,11.83,overcast clouds
414,Avera,US,2021-08-22 01:31:17,33.194,-82.5271,82.27,85,95,5.3,overcast clouds
415,Spas-Demensk,RU,2021-08-22 01:34:22,54.4122,34.0226,53.85,97,64,6.8,broken clouds
416,Inhambane,MZ,2021-08-22 01:34:23,-23.865,35.3833,67.37,90,8,5.41,clear sky
417,Tessalit,ML,2021-08-22 01:29:58,20.1986,1.0114,92.07,16,6,11.97,clear sky
418,Santa Maria,BR,2021-08-22 01:34:23,-29.6842,-53.8069,58.3,100,90,9.22,mist
419,Lata,PT,2021-08-22 01:34:23,40.1629,-8.3327,63.91,98,39,2.68,scattered clouds
420,Comodoro Rivadavia,AR,2021-08-22 01:33:07,-45.8667,-67.5,42.66,87,90,18.41,light rain
421,Tibu,CO,2021-08-22 01:34:24,8.639,-72.7358,75.67,92,45,2.53,scattered clouds
422,Whitehorse,CA,2021-08-22 01:32:54,60.7161,-135.0538,48.09,93,90,2.3,light intensity shower rain
423,Deputatskiy,RU,2021-08-22 01:34:24,69.3,139.9,52.66,92,100,4.16,light rain
424,Hengshui,CN,2021-08-22 01:34:25,37.7322,115.7011,80.42,73,98,12.41,light rain
425,Nanakuli,US,2021-08-22 01:34:25,21.3906,-158.1547,87.75,54,90,8.05,overcast clouds
426,Rio Grande,BR,2021-08-22 01:34:25,-32.035,-52.0986,58.35,94,100,16.02,moderate rain
427,Ambulu,ID,2021-08-22 01:34:25,-8.345,113.6058,81.63,68,100,4.74,overcast clouds
428,Zhigansk,RU,2021-08-22 01:32:29,66.7697,123.3711,58.96,66,60,20.45,broken clouds
429,Tirschenreuth,DE,2021-08-22 01:34:26,49.8825,12.3331,62.19,88,100,2.84,overcast clouds
430,Zephyrhills,US,2021-08-22 01:34:26,28.2336,-82.1812,85.71,84,40,3.44,scattered clouds
431,Quelimane,MZ,2021-08-22 01:34:26,-17.8786,36.8883,69.75,94,40,0.0,scattered clouds
432,Klyuchi,RU,2021-08-22 01:34:27,52.2667,79.1667,62.1,39,4,4.63,clear sky
433,Bogorodskoye,RU,2021-08-22 01:31:33,56.55,37.8833,59.79,89,100,6.04,overcast clouds
434,Big Spring,US,2021-08-22 01:32:06,32.2504,-101.4787,85.48,51,1,9.22,clear sky
435,George,ZA,2021-08-22 01:34:27,-33.963,22.4617,44.15,87,0,2.3,clear sky
436,Wamba,NG,2021-08-22 01:34:27,8.9333,8.6,69.78,97,82,1.41,light rain
437,Bonavista,CA,2021-08-22 01:34:28,48.6499,-53.1147,54.12,74,51,16.13,broken clouds
438,Beringovskiy,RU,2021-08-22 01:32:38,63.05,179.3167,52.16,84,98,8.08,overcast clouds
439,Ucluelet,CA,2021-08-22 01:30:23,48.9329,-125.5528,72.09,86,66,4.14,broken clouds
440,Chalus,IR,2021-08-22 01:34:28,36.655,51.4204,76.46,69,20,4.61,few clouds
441,Port Blair,IN,2021-08-22 01:34:29,11.6667,92.75,82.31,73,99,4.5,overcast clouds
442,Sayyan,YE,2021-08-22 01:34:29,15.1718,44.3244,63.55,34,38,5.53,scattered clouds
443,Joao Pinheiro,BR,2021-08-22 01:32:06,-17.7425,-46.1725,67.98,42,12,5.28,few clouds
444,Awbari,LY,2021-08-22 01:34:29,26.5921,12.7805,84.85,24,13,9.01,few clouds
445,Yerofey Pavlovich,RU,2021-08-22 01:34:29,53.9667,121.9667,67.39,73,59,2.35,light rain
446,Ishigaki,JP,2021-08-22 01:34:30,24.3448,124.1572,84.33,79,75,11.5,broken clouds
447,Xining,CN,2021-08-22 01:29:26,36.6167,101.7667,57.7,74,47,2.84,scattered clouds
448,Wagar,SD,2021-08-22 01:34:30,16.1525,36.2032,77.63,63,90,16.06,overcast clouds
449,Pilar,BR,2021-08-22 01:33:58,-9.5972,-35.9567,71.53,95,3,1.19,clear sky
450,Aasiaat,GL,2021-08-22 01:34:31,68.7098,-52.8699,35.82,97,72,3.49,broken clouds
451,Natal,BR,2021-08-22 01:34:01,-5.795,-35.2094,75.42,94,20,5.75,few clouds
452,Verkhnyaya Inta,RU,2021-08-22 01:34:31,65.9811,60.3094,59.27,72,100,4.54,overcast clouds
453,Jiangyou,CN,2021-08-22 01:34:31,31.7667,104.7167,75.69,93,100,4.27,light rain
454,Bonnyville,CA,2021-08-22 01:30:16,54.2668,-110.735,67.32,35,94,8.43,overcast clouds
455,Provost,CA,2021-08-22 01:34:32,52.3501,-110.2683,70.25,38,100,6.31,overcast clouds
456,Nouakchott,MR,2021-08-22 01:34:32,18.0858,-15.9785,84.13,77,50,18.54,scattered clouds
457,Citta Di Castello,IT,2021-08-22 01:34:32,43.4691,12.2305,69.89,79,0,0.4,clear sky
458,Nanae,JP,2021-08-22 01:34:33,41.8833,140.6833,71.83,88,75,19.57,broken clouds
459,Oktyabrskoye,RU,2021-08-22 01:34:33,43.0645,44.7417,64.54,94,7,2.24,clear sky
460,Korcula,HR,2021-08-22 01:34:33,42.9622,17.1369,66.76,58,0,3.69,clear sky
461,Visp,CH,2021-08-22 01:34:34,46.2937,7.8815,68.27,68,100,0.92,moderate rain
462,Ocampo,MX,2021-08-22 01:34:34,21.65,-101.5,56.34,90,100,23.55,overcast clouds
463,Honningsvag,NO,2021-08-22 01:34:34,70.9821,25.9704,44.33,74,100,5.26,overcast clouds
464,Pochutla,MX,2021-08-22 01:28:24,15.7432,-96.4661,79.65,88,100,7.49,overcast clouds
465,Povenets,RU,2021-08-22 01:34:35,62.8487,34.8262,54.0,97,100,3.0,light rain
466,Limbang,MY,2021-08-22 01:31:34,4.75,115.0,80.91,90,100,1.7,overcast clouds
467,Khandagayty,RU,2021-08-22 01:34:35,50.7333,92.05,43.54,61,100,13.71,overcast clouds
468,Utete,TZ,2021-08-22 01:34:35,-7.986,38.758,70.43,92,45,1.07,scattered clouds
469,Vilhena,BR,2021-08-22 01:34:36,-12.7406,-60.1458,72.77,41,7,4.09,clear sky
470,Pervomayskoye,RU,2021-08-22 01:34:36,43.919,46.7102,72.91,70,23,8.48,few clouds
471,Lompoc,US,2021-08-22 01:32:28,34.6391,-120.4579,73.54,65,1,12.66,clear sky
472,Cotui,DO,2021-08-22 01:31:27,19.0527,-70.1494,81.88,96,88,2.08,overcast clouds
473,Sarahan,IN,2021-08-22 01:34:37,31.5167,77.8,64.8,83,55,0.94,broken clouds
474,Vanavara,RU,2021-08-22 01:34:37,60.34,102.2797,60.37,77,100,4.85,overcast clouds
475,Isiro,CD,2021-08-22 01:34:37,2.7739,27.616,64.27,95,78,1.41,broken clouds
476,Dabat,ET,2021-08-22 01:34:37,12.9842,37.765,51.69,80,91,3.04,overcast clouds
477,Mahibadhoo,MV,2021-08-22 01:34:38,3.7833,72.9667,82.08,74,100,9.91,overcast clouds
478,Teguise,ES,2021-08-22 01:34:38,29.0605,-13.564,66.42,88,0,10.36,clear sky
479,Waipawa,NZ,2021-08-22 01:34:38,-41.4122,175.5153,52.45,57,97,8.72,overcast clouds
480,Matagami,CA,2021-08-22 01:34:39,49.7502,-77.6328,77.11,69,1,4.61,clear sky
481,Muromtsevo,RU,2021-08-22 01:34:39,56.3724,75.2418,67.69,90,78,2.33,broken clouds
482,Itoman,JP,2021-08-22 01:34:39,26.1247,127.6694,86.02,80,75,20.71,broken clouds
483,Progreso,MX,2021-08-22 01:34:40,21.2833,-89.6667,82.11,76,33,16.44,scattered clouds
484,Kalmunai,LK,2021-08-22 01:34:40,7.4167,81.8167,80.02,79,99,4.47,heavy intensity rain
485,Juba,SS,2021-08-22 01:30:16,4.8517,31.5825,68.29,93,2,2.26,light rain
486,Urrao,CO,2021-08-22 01:34:41,6.3152,-76.1342,58.82,98,90,1.36,overcast clouds
487,Phan Thiet,VN,2021-08-22 01:34:41,10.9333,108.1,85.26,70,100,6.31,overcast clouds
488,Kiama,AU,2021-08-22 01:30:35,-34.6833,150.8667,75.38,49,0,6.96,clear sky
489,Marsh Harbour,BS,2021-08-22 01:31:42,26.5412,-77.0636,83.97,76,22,12.41,few clouds
490,Macas,EC,2021-08-22 01:34:41,-2.3167,-78.1167,67.55,86,95,2.28,light rain
491,Lewistown,US,2021-08-22 01:34:42,40.5992,-77.5714,76.41,84,20,0.0,few clouds
492,Ostrovnoy,RU,2021-08-22 01:31:21,68.0531,39.5131,47.88,93,100,10.51,overcast clouds
493,Fairview,US,2021-08-22 01:29:04,40.8126,-73.999,76.82,93,90,3.44,mist
494,Coos Bay,US,2021-08-22 01:34:42,43.3665,-124.2179,65.98,68,1,16.11,clear sky
495,Gunjur,GM,2021-08-22 01:34:43,13.2019,-16.7339,78.87,94,75,0.0,broken clouds
496,Samandag,TR,2021-08-22 01:34:43,36.0842,35.9771,75.72,52,0,1.81,clear sky
497,Pak Phanang,TH,2021-08-22 01:34:43,8.3511,100.202,80.62,71,61,8.25,broken clouds
498,Kutum,SD,2021-08-22 01:34:43,14.2,24.6667,76.73,58,97,6.02,overcast clouds
499,Aksu,CN,2021-08-22 01:34:44,41.1231,80.2644,81.95,25,0,3.98,clear sky
500,Jawhar,SO,2021-08-22 01:34:44,2.7809,45.5005,74.39,88,18,11.21,few clouds
501,Dingle,PH,2021-08-22 01:28:05,10.9995,122.6711,82.8,77,100,4.0,light rain
502,Sault Sainte Marie,CA,2021-08-22 01:34:14,46.5168,-84.3333,79.09,73,90,6.91,overcast clouds
503,Eregli,TR,2021-08-22 01:34:45,37.5133,34.0467,66.11,49,0,0.58,clear sky
504,Dullewala,PK,2021-08-22 01:34:45,31.8359,71.4362,86.61,54,6,7.52,clear sky
505,Eluru,IN,2021-08-22 01:34:45,16.7,81.1,78.89,80,25,2.82,scattered clouds
506,Nome,US,2021-08-22 01:31:17,64.5011,-165.4064,50.16,76,20,10.36,few clouds
507,Suoyarvi,RU,2021-08-22 01:34:45,62.0833,32.35,51.01,98,92,3.04,overcast clouds
508,Numan,NG,2021-08-22 01:34:46,9.4667,12.0333,71.38,98,100,1.63,moderate rain
509,Lorengau,PG,2021-08-22 01:31:59,-2.0226,147.2712,81.91,81,100,10.87,overcast clouds
510,Hueyapan,MX,2021-08-22 01:34:46,18.8667,-98.6667,57.38,91,100,3.4,overcast clouds
511,Waddan,LY,2021-08-22 01:34:46,29.1614,16.139,75.65,66,0,8.01,clear sky
512,Gushikawa,JP,2021-08-22 01:34:47,26.3544,127.8686,85.23,88,20,17.27,few clouds
513,Nelson Bay,AU,2021-08-22 01:34:47,-32.7167,152.15,77.29,51,5,1.99,clear sky
514,Takoradi,GH,2021-08-22 01:34:47,4.8845,-1.7554,75.13,90,97,8.05,light rain
515,Malakal,SS,2021-08-22 01:32:40,9.5334,31.6605,71.1,85,100,1.07,overcast clouds
516,Bulungu,CD,2021-08-22 01:34:48,-4.55,18.6,73.04,73,76,1.23,broken clouds
517,Sabha,LY,2021-08-22 01:34:48,27.0377,14.4283,82.72,29,0,9.98,clear sky
518,Along,IN,2021-08-22 01:34:48,28.1667,94.7667,75.02,99,100,0.4,overcast clouds
519,Chiredzi,ZW,2021-08-22 01:34:49,-21.05,31.6667,61.09,85,0,2.89,clear sky
520,Beloha,MG,2021-08-22 01:34:49,-25.1667,45.05,61.93,92,3,9.91,clear sky
521,Le Mars,US,2021-08-22 01:34:49,42.7942,-96.1656,70.57,72,1,5.75,clear sky
522,Tsogni,GA,2021-08-22 01:34:50,-2.7942,10.0988,72.09,82,100,5.7,overcast clouds
523,Ahuimanu,US,2021-08-22 01:34:50,21.4447,-157.8378,87.51,59,20,13.8,few clouds
524,Talas,TR,2021-08-22 01:34:50,38.6908,35.5538,57.87,72,0,4.61,clear sky
525,Ornskoldsvik,SE,2021-08-22 01:34:51,63.2909,18.7153,50.95,93,90,6.91,overcast clouds
526,Pailon,BO,2021-08-22 01:34:51,-17.65,-62.75,81.5,41,0,6.6,clear sky
527,Esperance,AU,2021-08-22 01:28:32,-33.8667,121.9,55.24,57,84,27.2,broken clouds
528,Umkomaas,ZA,2021-08-22 01:34:51,-30.2067,30.7978,63.68,72,83,11.81,broken clouds
529,Dondo,MZ,2021-08-22 01:34:52,-19.6094,34.7431,65.37,96,2,3.42,clear sky
530,Dingli,MT,2021-08-22 01:34:52,35.8614,14.3822,76.82,83,0,1.14,clear sky
531,Batagay,RU,2021-08-22 01:34:52,67.6333,134.6333,56.34,96,100,2.48,light rain
532,Humberto De Campos,BR,2021-08-22 01:34:53,-2.5983,-43.4611,77.32,81,76,5.84,broken clouds
533,Camana,PE,2021-08-22 01:30:09,-16.6228,-72.7111,60.44,82,1,7.11,clear sky
534,Yulara,AU,2021-08-22 01:31:58,-25.2406,130.9889,76.84,14,5,6.91,clear sky
535,Goba,ET,2021-08-22 01:34:53,7.0167,39.9833,48.4,89,28,3.96,scattered clouds
536,Bobrovka,RU,2021-08-22 01:34:53,54.047,61.7455,69.69,47,12,5.37,few clouds
537,Padang,ID,2021-08-22 01:28:40,-0.9492,100.3543,82.45,79,100,3.65,overcast clouds
538,Rio Gallegos,AR,2021-08-22 01:34:54,-51.6226,-69.2181,33.85,80,40,4.61,scattered clouds
539,Kingaroy,AU,2021-08-22 01:34:54,-26.5333,151.8333,74.03,40,0,5.75,clear sky
540,Marzuq,YE,2021-08-22 01:34:54,14.4,46.4667,77.99,63,99,5.3,overcast clouds
541,Raton,US,2021-08-22 01:34:55,36.9034,-104.4391,77.61,27,40,12.66,scattered clouds
542,Esso,RU,2021-08-22 01:34:55,55.9333,158.7,70.88,46,7,5.97,clear sky
543,Sarangani,PH,2021-08-22 01:34:55,5.4033,125.4636,83.61,69,92,5.48,overcast clouds
544,Milkovo,RU,2021-08-22 01:34:56,54.7167,158.6167,73.02,56,32,0.94,scattered clouds
545,Gobabis,NA,2021-08-22 01:34:56,-22.45,18.9667,48.79,33,0,9.98,clear sky
546,Nalut,LY,2021-08-22 01:34:56,30.3333,10.85,82.31,38,0,14.05,clear sky
547,Morant Bay,JM,2021-08-22 01:34:57,17.8815,-76.4093,82.02,86,99,11.79,overcast clouds
548,Laguna,US,2021-08-22 01:34:57,38.421,-121.4238,82.24,57,1,5.99,smoke
549,Banswada,IN,2021-08-22 01:34:57,18.3833,77.8833,75.31,91,100,5.53,overcast clouds
550,Bosaso,SO,2021-08-22 01:34:58,11.2842,49.1816,87.87,49,62,27.22,broken clouds
551,Shambu,ET,2021-08-22 01:34:58,9.5667,37.1,48.76,93,97,2.19,light rain
552,Shenjiamen,CN,2021-08-22 01:34:59,29.9576,122.298,81.86,85,59,17.4,broken clouds
553,Ukiah,US,2021-08-22 01:30:02,39.1502,-123.2078,85.51,38,20,8.05,few clouds
554,Koshurnikovo,RU,2021-08-22 01:34:59,54.1667,93.3,48.2,91,99,1.99,overcast clouds
555,Hammerfest,NO,2021-08-22 01:34:59,70.6634,23.6821,43.25,100,75,0.0,light intensity drizzle
556,Tilichiki,RU,2021-08-22 01:35:00,60.4667,166.1,60.08,67,67,6.04,broken clouds
557,Saint-Augustin,CA,2021-08-22 01:31:42,51.226,-58.6502,54.14,61,37,1.99,scattered clouds
558,Zeya,RU,2021-08-22 01:35:00,53.75,127.2667,62.62,98,100,1.36,light rain
559,Alta Floresta,BR,2021-08-22 01:35:00,-9.8756,-56.0861,75.27,35,3,3.22,clear sky
560,Tanabe,JP,2021-08-22 01:35:01,33.7333,135.3667,81.93,86,75,1.99,broken clouds
561,Vanimo,PG,2021-08-22 01:30:13,-2.6741,141.3028,75.61,95,100,13.87,heavy intensity rain
562,Kasama,ZM,2021-08-22 01:35:01,-10.2129,31.1808,59.94,69,0,3.98,clear sky
563,Fortuna,US,2021-08-22 01:35:01,40.5982,-124.1573,77.47,67,20,10.0,few clouds
564,Manta,EC,2021-08-22 01:35:02,-0.95,-80.7333,71.38,83,90,10.36,overcast clouds
565,Villazon,BO,2021-08-22 01:35:02,-22.0866,-65.5942,48.76,11,0,3.98,clear sky
566,Saint-Francois,FR,2021-08-22 01:31:44,46.4154,3.9054,66.47,78,0,3.44,clear sky
567,Mayumba,GA,2021-08-22 01:32:39,-3.432,10.6554,72.0,83,100,5.77,overcast clouds
568,Virginia Beach,US,2021-08-22 01:28:00,36.8529,-75.978,79.02,82,75,3.44,broken clouds
569,Vila Franca Do Campo,PT,2021-08-22 01:35:04,37.7167,-25.4333,73.81,85,8,6.35,clear sky
570,Kidal,ML,2021-08-22 01:35:04,18.4411,1.4078,86.58,48,100,23.04,overcast clouds
571,Khatanga,RU,2021-08-22 01:31:44,71.9667,102.5,50.7,68,100,7.4,overcast clouds
572,Burns Lake,CA,2021-08-22 01:32:34,54.2331,-125.7533,65.62,29,95,10.71,overcast clouds
573,Ishim,RU,2021-08-22 01:35:04,56.1128,69.4902,72.97,48,6,3.09,clear sky
574,Mogadishu,SO,2021-08-22 01:35:05,2.0371,45.3438,77.07,84,8,13.06,clear sky
575,Barrhead,GB,2021-08-22 01:35:05,55.7992,-4.3929,59.97,95,75,1.14,broken clouds
576,Harper,LR,2021-08-22 01:35:05,4.375,-7.7169,74.79,92,100,9.13,moderate rain
577,Newport,GB,2021-08-22 01:35:06,51.5877,-2.9984,62.46,90,50,8.23,scattered clouds
578,Saint-Louis,SN,2021-08-22 01:35:06,16.3333,-15.0,89.37,56,100,13.15,overcast clouds
579,Alghero,IT,2021-08-22 01:35:07,40.5589,8.3181,66.29,94,0,1.14,clear sky
580,Novosibirsk,RU,2021-08-22 01:34:05,55.0411,82.9344,56.5,74,0,5.61,clear sky
581,Mandali,IQ,2021-08-22 01:35:07,33.7499,45.5541,90.39,13,0,5.46,clear sky
582,Alice Springs,AU,2021-08-22 01:31:16,-23.7,133.8833,80.15,10,0,11.5,clear sky
583,Half Moon Bay,US,2021-08-22 01:35:07,37.4636,-122.4286,76.03,78,20,11.5,few clouds
584,Laela,TZ,2021-08-22 01:35:08,-8.5667,32.05,60.8,71,29,1.36,scattered clouds
585,Komsomolskiy,UZ,2021-08-22 01:35:08,40.4272,71.7189,75.92,33,0,9.22,clear sky
586,Shahrud,IR,2021-08-22 01:35:08,36.4182,54.9763,70.2,54,60,5.99,broken clouds
587,Atar,MR,2021-08-22 01:31:39,20.5169,-13.0499,90.41,35,13,5.79,few clouds
588,El Sauzal,MX,2021-08-22 01:35:09,31.9,-116.6833,70.41,72,0,5.97,clear sky
589,Iluppur,IN,2021-08-22 01:35:09,10.5135,78.6236,78.15,71,100,2.91,overcast clouds
590,Baykit,RU,2021-08-22 01:35:09,61.67,96.37,59.2,49,0,3.42,clear sky
591,Kaseda,JP,2021-08-22 01:35:10,31.4167,130.3167,85.23,80,100,7.99,overcast clouds
592,Iraucuba,BR,2021-08-22 01:35:10,-3.7461,-39.7833,73.71,62,2,5.5,clear sky
593,Najran,SA,2021-08-22 01:35:10,17.4924,44.1277,77.65,26,10,3.04,clear sky
594,Kawalu,ID,2021-08-22 01:35:11,-7.3817,108.2082,76.08,82,100,2.84,overcast clouds
595,North Bend,US,2021-08-22 01:35:11,43.4065,-124.2243,65.91,68,1,16.11,clear sky
596,Taksimo,RU,2021-08-22 01:35:11,56.3444,114.8794,57.06,86,100,1.57,overcast clouds
597,Sennoy,RU,2021-08-22 01:35:12,52.1509,46.9631,66.85,75,34,3.06,scattered clouds
598,Melton,AU,2021-08-22 01:31:39,-37.6833,144.5833,67.78,52,0,17.49,clear sky
599,Antofagasta,CL,2021-08-22 01:30:25,-23.65,-70.4,58.28,84,26,5.39,scattered clouds
600,Mareeba,AU,2021-08-22 01:31:28,-17.0,145.4333,74.44,78,40,9.35,scattered clouds
601,Mitsamiouli,KM,2021-08-22 01:35:12,-11.3847,43.2844,76.3,82,3,9.53,light rain
602,Hovd,MN,2021-08-22 01:35:12,48.0056,91.6419,47.59,47,1,1.5,clear sky
603,Mandiana,GN,2021-08-22 01:35:13,10.6333,-8.6833,72.37,96,100,1.36,light rain
604,Athabasca,CA,2021-08-22 01:35:13,54.7169,-113.2854,66.02,39,100,7.74,overcast clouds
605,Senneterre,CA,2021-08-22 01:35:14,48.3835,-77.2328,77.22,64,86,5.26,overcast clouds
606,Lhokseumawe,ID,2021-08-22 01:35:14,5.1801,97.1507,78.12,83,100,1.95,overcast clouds
607,Brae,GB,2021-08-22 01:35:14,60.3964,-1.353,55.31,89,100,16.44,overcast clouds
608,Ibra,OM,2021-08-22 01:35:15,22.6906,58.5334,80.02,58,4,2.33,clear sky
609,Itambe,BR,2021-08-22 01:35:15,-15.245,-40.6244,60.12,90,1,2.24,clear sky
610,Farah,AF,2021-08-22 01:35:15,32.5,62.5,75.67,16,0,4.81,clear sky
611,Broome,US,2021-08-22 01:35:16,42.2506,-75.833,73.78,93,1,3.0,clear sky
612,Pindobacu,BR,2021-08-22 01:35:16,-10.7417,-40.3608,65.52,93,18,5.91,few clouds
613,Mount Gambier,AU,2021-08-22 01:31:42,-37.8333,140.7667,58.91,72,0,17.27,clear sky
614,San Nicolas,PH,2021-08-22 01:35:16,18.1725,120.5953,85.91,79,40,3.44,scattered clouds
615,Phibun Mangsahan,TH,2021-08-22 01:35:17,15.2447,105.2291,84.18,70,64,5.75,broken clouds
616,Olinda,BR,2021-08-22 01:35:17,-8.0089,-34.8553,74.93,78,40,10.36,scattered clouds
617,Launceston,AU,2021-08-22 01:31:27,-41.45,147.1667,56.61,83,75,8.01,broken clouds
618,Balkhash,KZ,2021-08-22 01:35:18,46.844,74.9804,63.21,42,0,17.9,clear sky
619,Ramgarh,IN,2021-08-22 01:35:18,23.6333,85.5167,80.65,81,37,6.55,scattered clouds
620,Mayo,US,2021-08-22 01:29:45,38.8876,-76.5119,80.11,88,40,0.0,scattered clouds
621,Lac Du Bonnet,CA,2021-08-22 01:35:19,50.2536,-96.0612,55.67,84,7,4.29,clear sky
622,Mzimba,MW,2021-08-22 01:35:19,-11.9,33.6,63.59,69,5,11.45,clear sky
623,Eureka,US,2021-08-22 01:32:06,40.8021,-124.1637,64.63,71,35,5.01,scattered clouds
624,Maldonado,UY,2021-08-22 01:35:19,-34.6667,-54.9167,52.99,88,100,13.35,overcast clouds
625,Darnah,LY,2021-08-22 01:35:20,32.767,22.6367,77.47,80,0,16.42,clear sky
626,Nantucket,US,2021-08-22 01:35:20,41.2835,-70.0995,76.03,94,90,9.22,mist
627,Vytegra,RU,2021-08-22 01:35:20,61.0064,36.4481,55.53,91,99,2.86,light rain
628,Guerrero Negro,MX,2021-08-22 01:35:20,27.9769,-114.0611,70.45,64,2,15.88,clear sky
629,Arlit,NE,2021-08-22 01:35:21,18.7369,7.3853,87.21,38,7,5.66,clear sky
630,Viransehir,TR,2021-08-22 01:35:21,37.2353,39.7631,83.52,19,0,4.61,clear sky
631,Oksfjord,NO,2021-08-22 01:35:21,70.2396,22.3479,43.72,89,100,3.27,overcast clouds
632,Vagur,FO,2021-08-22 01:35:22,61.4732,-6.8119,52.21,95,100,13.78,overcast clouds
633,Makakilo City,US,2021-08-22 01:35:22,21.3469,-158.0858,86.32,52,90,8.05,overcast clouds
634,Leshukonskoye,RU,2021-08-22 01:35:22,64.8989,45.7622,52.03,91,9,2.77,clear sky
635,Samana,DO,2021-08-22 01:35:23,19.2056,-69.3369,79.88,90,76,8.05,broken clouds
636,Cheney,US,2021-08-22 01:31:00,47.4874,-117.5758,70.75,55,75,12.66,broken clouds
637,Sorland,NO,2021-08-22 01:35:23,67.667,12.6934,49.37,69,100,15.59,overcast clouds
638,Zaraza,VE,2021-08-22 01:35:23,9.3503,-65.3245,76.41,91,95,4.99,overcast clouds
639,Banff,CA,2021-08-22 01:32:59,51.1762,-115.5698,59.38,58,100,2.3,overcast clouds
640,Tongzi,CN,2021-08-22 01:35:24,28.7829,105.0877,82.08,86,100,2.33,light rain
641,Trenggalek,ID,2021-08-22 01:35:24,-8.05,111.7167,78.57,80,95,6.96,overcast clouds
642,Manaure,CO,2021-08-22 01:35:24,11.7751,-72.4445,84.51,70,79,20.56,broken clouds
643,Sibolga,ID,2021-08-22 01:35:25,1.7427,98.7792,78.89,73,100,2.91,overcast clouds
644,Pochinok,RU,2021-08-22 01:35:25,54.4068,32.4407,48.97,92,0,7.31,clear sky
645,Nicoya,CR,2021-08-22 01:35:25,10.1483,-85.452,72.95,94,100,3.33,light rain
646,Vestmanna,FO,2021-08-22 01:30:28,62.1564,-7.1664,50.92,100,90,13.8,fog
647,Voloshka,RU,2021-08-22 01:35:25,61.3314,40.0858,52.45,87,80,3.02,broken clouds
648,Port Macquarie,AU,2021-08-22 01:35:26,-31.4333,152.9167,71.56,47,0,9.31,clear sky
649,Kamenka,RU,2021-08-22 01:35:26,51.3223,42.7678,63.73,75,83,7.2,broken clouds
650,Acapulco,MX,2021-08-22 01:32:29,16.8634,-99.8901,82.22,74,90,4.61,overcast clouds
651,Kajaani,FI,2021-08-22 01:35:26,64.2273,27.7285,50.05,100,20,5.75,few clouds
652,Bilma,NE,2021-08-22 01:35:27,18.6853,12.9164,92.14,14,11,10.29,few clouds
653,Ashdod,IL,2021-08-22 01:35:27,31.8167,34.65,80.89,84,0,2.26,clear sky
654,Wajir,KE,2021-08-22 01:35:27,1.7471,40.0573,74.43,68,2,12.55,clear sky
655,Sagua La Grande,CU,2021-08-22 01:35:27,22.8067,-80.0756,81.59,83,99,10.76,overcast clouds
656,Silver City,US,2021-08-22 01:35:28,32.7701,-108.2803,82.36,42,90,13.8,overcast clouds
657,Burnie,AU,2021-08-22 01:35:28,-41.0667,145.9167,54.28,89,90,15.23,overcast clouds
658,Maniitsoq,GL,2021-08-22 01:35:28,65.4167,-52.9,46.99,80,100,7.85,overcast clouds
659,Sijunjung,ID,2021-08-22 01:35:29,-0.6876,100.9537,73.06,96,100,0.4,overcast clouds
660,Tekeli,KZ,2021-08-22 01:35:29,44.83,78.8239,71.08,32,0,1.23,clear sky
661,Artyom,AZ,2021-08-22 01:35:29,40.4723,50.333,77.14,72,7,16.06,clear sky
662,Dali,CN,2021-08-22 01:32:05,25.7,100.1833,67.05,88,100,5.19,light rain
663,Chalisgaon,IN,2021-08-22 01:35:30,20.4667,75.0167,75.29,86,100,7.05,overcast clouds
664,Poum,NC,2021-08-22 01:35:30,-20.2333,164.0167,72.7,75,9,3.49,clear sky
665,Birecik,TR,2021-08-22 01:35:30,37.0294,37.9903,80.24,27,0,1.1,clear sky
666,Seoul,KR,2021-08-22 01:30:45,37.5683,126.9778,79.99,73,75,8.05,broken clouds
667,Faanui,PF,2021-08-22 01:35:31,-16.4833,-151.75,78.93,79,19,23.96,few clouds
668,Poronaysk,RU,2021-08-22 01:35:31,49.2167,143.1167,65.08,79,94,9.82,overcast clouds
669,Farsala,GR,2021-08-22 01:35:31,39.2947,22.3847,74.34,66,0,1.99,clear sky
670,Benavente,ES,2021-08-22 01:35:32,42.0025,-5.6783,55.51,76,4,9.35,clear sky
671,Dalbandin,PK,2021-08-22 01:35:32,28.8947,64.4101,82.44,9,0,3.31,clear sky
672,Mecca,SA,2021-08-22 01:32:23,21.4267,39.8261,85.86,30,3,4.99,clear sky
673,Plast,RU,2021-08-22 01:35:32,54.3691,60.8136,67.95,44,7,2.35,clear sky
674,Makokou,GA,2021-08-22 01:35:33,0.5738,12.8642,67.28,98,71,2.42,broken clouds
675,Yelanskiy,RU,2021-08-22 01:35:33,56.8419,62.5014,69.48,46,97,6.26,overcast clouds
676,Upington,ZA,2021-08-22 01:35:33,-28.4478,21.2561,43.18,61,0,6.91,clear sky
677,Leh,IN,2021-08-22 01:35:33,34.1667,77.5833,59.52,59,25,5.03,scattered clouds
678,Vitim,RU,2021-08-22 01:35:34,59.4511,112.5578,64.47,69,99,9.35,overcast clouds
679,Bradford,GB,2021-08-22 01:30:55,53.7939,-1.7521,61.63,75,100,2.39,overcast clouds
680,Huarmey,PE,2021-08-22 01:35:34,-10.0681,-78.1522,63.25,85,50,10.45,scattered clouds
681,Axim,GH,2021-08-22 01:35:34,4.8699,-2.2405,75.27,89,98,6.71,light rain
682,Atasu,KZ,2021-08-22 01:35:35,48.6814,71.6433,67.12,35,0,13.38,clear sky
683,Buraydah,SA,2021-08-22 01:35:35,26.326,43.975,82.85,21,0,8.1,clear sky
684,Marienburg,PL,2021-08-22 01:35:35,54.0359,19.0266,55.89,90,8,1.59,clear sky
685,Kushiro,JP,2021-08-22 01:35:36,42.975,144.3747,63.55,88,75,10.36,broken clouds
686,Eyl,SO,2021-08-22 01:35:36,7.9803,49.8164,76.95,80,86,18.1,overcast clouds
687,Satana,IN,2021-08-22 01:35:36,20.5833,74.2,72.66,91,100,3.27,overcast clouds
688,Badvel,IN,2021-08-22 01:35:37,14.75,79.05,79.77,67,44,1.88,scattered clouds
689,Bembereke,BJ,2021-08-22 01:35:37,10.2283,2.6634,68.97,99,83,3.29,broken clouds
690,Khandyga,RU,2021-08-22 01:35:37,62.6667,135.6,72.43,76,100,2.15,overcast clouds
691,Daru,PG,2021-08-22 01:35:38,-9.0763,143.2092,82.33,80,40,12.75,scattered clouds
692,Ochakiv,UA,2021-08-22 01:35:38,46.6128,31.5498,62.74,55,65,9.01,broken clouds
693,Rundu,NA,2021-08-22 01:35:38,-17.9333,19.7667,61.77,28,0,1.41,clear sky
694,Hurghada,EG,2021-08-22 01:35:38,27.2574,33.8129,87.84,33,0,11.5,clear sky
